{"cameraMode":{"drawMode":0,"name":"Shaded","section":"Shading Mode"},"sceneLighting":false,"audioPlay":false,"sceneViewState":{"m_AlwaysRefresh":false,"showFog":true,"showSkybox":false,"showFlares":true,"showImageEffects":true,"showParticleSystems":true,"showVisualEffectGraphs":true,"m_FxEnabled":true},"in2DMode":false,"pivot":{"x":1.7419999837875367,"y":0.8812768459320068,"z":-1.3009999990463257},"rotation":{"x":0.2129567265510559,"y":0.19969357550144196,"z":-0.044491421431303027,"w":0.9554086923599243},"size":16.004297256469728,"orthographic":false}